14712,/directory/panel/14712/1st-sunergy?utm_source=ENF&amp;utm_medium=monocrystalline&amp;utm_content=14712&amp;utm_campaign=profiles_panel
76263,/directory/panel/76263/3g-solar?utm_source=ENF&amp;utm_medium=monocrystalline&amp;utm_content=76263&amp;utm_campaign=profiles_panel
21152,/directory/panel/21152/3hz-solar?utm_source=ENF&amp;utm_medium=monocrystalline&amp;utm_content=21152&amp;utm_campaign=profiles_panel
18794,/directory/panel/18794/3t-associates?utm_source=ENF&amp;utm_medium=monocrystalline&amp;utm_content=18794&amp;utm_campaign=profiles_panel
490,/directory/panel/490/5star?utm_source=ENF&amp;utm_medium=monocrystalline&amp;utm_content=490&amp;utm_campaign=profiles_panel
20320,/directory/panel/20320/8-33-solar?utm_source=ENF&amp;utm_medium=monocrystalline&amp;utm_content=20320&amp;utm_campaign=profiles_panel
89663,/directory/panel/89663/a-r-e?utm_source=ENF&amp;utm_medium=monocrystalline&amp;utm_content=89663&amp;utm_campaign=profiles_panel
80947,/directory/panel/80947/aadhi-solar?utm_source=ENF&amp;utm_medium=monocrystalline&amp;utm_content=80947&amp;utm_campaign=profiles_panel
83909,/directory/panel/83909/abhishek-solar-industries?utm_source=ENF&amp;utm_medium=monocrystalline&amp;utm_content=83909&amp;utm_campaign=profiles_panel
76097,/directory/panel/76097/abi-solar?utm_source=ENF&amp;utm_medium=monocrystalline&amp;utm_content=76097&amp;utm_campaign=profiles_panel
14204,/directory/panel/14204/ablytek?utm_source=ENF&amp;utm_medium=monocrystalline&amp;utm_content=14204&amp;utm_campaign=profiles_panel
14144,/directory/panel/14144/qingdao-abo-electric-power?utm_source=ENF&amp;utm_medium=monocrystalline&amp;utm_content=14144&amp;utm_campaign=profiles_panel
108054,/directory/panel/108054/abotree-solar?utm_source=ENF&amp;utm_medium=monocrystalline&amp;utm_content=108054&amp;utm_campaign=profiles_panel
14232,/directory/panel/14232/abshine?utm_source=ENF&amp;utm_medium=monocrystalline&amp;utm_content=14232&amp;utm_campaign=profiles_panel
116947,/directory/panel/116947/acceltex-solutions?utm_source=ENF&amp;utm_medium=monocrystalline&amp;utm_content=116947&amp;utm_campaign=profiles_panel
7064,/directory/panel/7064/access-solar?utm_source=ENF&amp;utm_medium=monocrystalline&amp;utm_content=7064&amp;utm_campaign=profiles_panel
109781,/directory/panel/109781/aceon-solar?utm_source=ENF&amp;utm_medium=monocrystalline&amp;utm_content=109781&amp;utm_campaign=profiles_panel
59627,/directory/panel/59627/acopower?utm_source=ENF&amp;utm_medium=monocrystalline&amp;utm_content=59627&amp;utm_campaign=profiles_panel
79117,/directory/panel/79117/acs-energy-systems?utm_source=ENF&amp;utm_medium=monocrystalline&amp;utm_content=79117&amp;utm_campaign=profiles_panel
78565,/directory/panel/78565/acutech-solar?utm_source=ENF&amp;utm_medium=monocrystalline&amp;utm_content=78565&amp;utm_campaign=profiles_panel
81679,/directory/panel/81679/adani-solar?utm_source=ENF&amp;utm_medium=monocrystalline&amp;utm_content=81679&amp;utm_campaign=profiles_panel
20565,/directory/panel/20565/aditi-solar?utm_source=ENF&amp;utm_medium=monocrystalline&amp;utm_content=20565&amp;utm_campaign=profiles_panel
92742,/directory/panel/92742/aditya-kiran?utm_source=ENF&amp;utm_medium=monocrystalline&amp;utm_content=92742&amp;utm_campaign=profiles_panel
113662,/directory/panel/113662/adm-solar?utm_source=ENF&amp;utm_medium=monocrystalline&amp;utm_content=113662&amp;utm_campaign=profiles_panel
88537,/directory/panel/88537/admen-energy?utm_source=ENF&amp;utm_medium=monocrystalline&amp;utm_content=88537&amp;utm_campaign=profiles_panel
85391,/directory/panel/85391/ados-renewable?utm_source=ENF&amp;utm_medium=monocrystalline&amp;utm_content=85391&amp;utm_campaign=profiles_panel
5158,/directory/panel/5158/advance-power?utm_source=ENF&amp;utm_medium=monocrystalline&amp;utm_content=5158&amp;utm_campaign=profiles_panel
21412,/directory/panel/21412/advantec?utm_source=ENF&amp;utm_medium=monocrystalline&amp;utm_content=21412&amp;utm_campaign=profiles_panel
78143,/directory/panel/78143/adyasolar?utm_source=ENF&amp;utm_medium=monocrystalline&amp;utm_content=78143&amp;utm_campaign=profiles_panel
22783,/directory/panel/22783/ae-solar?utm_source=ENF&amp;utm_medium=monocrystalline&amp;utm_content=22783&amp;utm_campaign=profiles_panel
57201,/directory/panel/57201/aeet-energy?utm_source=ENF&amp;utm_medium=monocrystalline&amp;utm_content=57201&amp;utm_campaign=profiles_panel
76169,/directory/panel/76169/aeg-solar?utm_source=ENF&amp;utm_medium=monocrystalline&amp;utm_content=76169&amp;utm_campaign=profiles_panel
110765,/directory/panel/110765/aekip?utm_source=ENF&amp;utm_medium=monocrystalline&amp;utm_content=110765&amp;utm_campaign=profiles_panel
3043,/directory/panel/3043/aide-solar?utm_source=ENF&amp;utm_medium=monocrystalline&amp;utm_content=3043&amp;utm_campaign=profiles_panel
11380,/directory/panel/11380/aiduo-pv?utm_source=ENF&amp;utm_medium=monocrystalline&amp;utm_content=11380&amp;utm_campaign=profiles_panel
107552,/directory/panel/107552/ailiduo-new-energy?utm_source=ENF&amp;utm_medium=monocrystalline&amp;utm_content=107552&amp;utm_campaign=profiles_panel
8195,/directory/panel/8195/aises?utm_source=ENF&amp;utm_medium=monocrystalline&amp;utm_content=8195&amp;utm_campaign=profiles_panel
118659,/directory/panel/118659/aitwo-solar?utm_source=ENF&amp;utm_medium=monocrystalline&amp;utm_content=118659&amp;utm_campaign=profiles_panel
117638,/directory/panel/117638/akshar-enterprise?utm_source=ENF&amp;utm_medium=monocrystalline&amp;utm_content=117638&amp;utm_campaign=profiles_panel
115767,/directory/panel/115767/albat?utm_source=ENF&amp;utm_medium=monocrystalline&amp;utm_content=115767&amp;utm_campaign=profiles_panel
112739,/directory/panel/112739/aldotech-solar-and-electrical?utm_source=ENF&amp;utm_medium=monocrystalline&amp;utm_content=112739&amp;utm_campaign=profiles_panel
794,/directory/panel/794/aleo-solar?utm_source=ENF&amp;utm_medium=monocrystalline&amp;utm_content=794&amp;utm_campaign=profiles_panel
56129,/directory/panel/56129/alfa-solar-energy?utm_source=ENF&amp;utm_medium=monocrystalline&amp;utm_content=56129&amp;utm_campaign=profiles_panel
5550,/directory/panel/5550/algatec?utm_source=ENF&amp;utm_medium=monocrystalline&amp;utm_content=5550&amp;utm_campaign=profiles_panel
115547,/directory/panel/115547/allemasolar?utm_source=ENF&amp;utm_medium=monocrystalline&amp;utm_content=115547&amp;utm_campaign=profiles_panel
3049,/directory/panel/3049/allesun-new-energy?utm_source=ENF&amp;utm_medium=monocrystalline&amp;utm_content=3049&amp;utm_campaign=profiles_panel
5886,/directory/panel/5886/alpex-solar?utm_source=ENF&amp;utm_medium=monocrystalline&amp;utm_content=5886&amp;utm_campaign=profiles_panel
4145,/directory/panel/4145/alps-technology?utm_source=ENF&amp;utm_medium=monocrystalline&amp;utm_content=4145&amp;utm_campaign=profiles_panel
96328,/directory/panel/96328/alromar-energie-maroc?utm_source=ENF&amp;utm_medium=monocrystalline&amp;utm_content=96328&amp;utm_campaign=profiles_panel
46561,/directory/panel/46561/altius-solar?utm_source=ENF&amp;utm_medium=monocrystalline&amp;utm_content=46561&amp;utm_campaign=profiles_panel
86280,/directory/panel/86280/amensolar?utm_source=ENF&amp;utm_medium=monocrystalline&amp;utm_content=86280&amp;utm_campaign=profiles_panel
6130,/directory/panel/6130/ameresco-solar?utm_source=ENF&amp;utm_medium=monocrystalline&amp;utm_content=6130&amp;utm_campaign=profiles_panel
120414,/directory/panel/120414/amrova-solar?utm_source=ENF&amp;utm_medium=monocrystalline&amp;utm_content=120414&amp;utm_campaign=profiles_panel
103605,/directory/panel/103605/ananya-solar-technologies?utm_source=ENF&amp;utm_medium=monocrystalline&amp;utm_content=103605&amp;utm_campaign=profiles_panel
115223,/directory/panel/115223/andasolar?utm_source=ENF&amp;utm_medium=monocrystalline&amp;utm_content=115223&amp;utm_campaign=profiles_panel
16685,/directory/panel/16685/anhui-schutten-solar-energy?utm_source=ENF&amp;utm_medium=monocrystalline&amp;utm_content=16685&amp;utm_campaign=profiles_panel
45525,/directory/panel/45525/anhui-talent-energy?utm_source=ENF&amp;utm_medium=monocrystalline&amp;utm_content=45525&amp;utm_campaign=profiles_panel
77124,/directory/panel/77124/anhui-uzon-photovoltaic-technology?utm_source=ENF&amp;utm_medium=monocrystalline&amp;utm_content=77124&amp;utm_campaign=profiles_panel
7541,/directory/panel/7541/anji-technology?utm_source=ENF&amp;utm_medium=monocrystalline&amp;utm_content=7541&amp;utm_campaign=profiles_panel
51903,/directory/panel/51903/ankara-solar?utm_source=ENF&amp;utm_medium=monocrystalline&amp;utm_content=51903&amp;utm_campaign=profiles_panel
115323,/directory/panel/115323/ansr?utm_source=ENF&amp;utm_medium=monocrystalline&amp;utm_content=115323&amp;utm_campaign=profiles_panel
6778,/directory/panel/6778/antaris-solar?utm_source=ENF&amp;utm_medium=monocrystalline&amp;utm_content=6778&amp;utm_campaign=profiles_panel
87412,/directory/panel/87412/aoxuan-solar?utm_source=ENF&amp;utm_medium=monocrystalline&amp;utm_content=87412&amp;utm_campaign=profiles_panel
46565,/directory/panel/46565/aplus-energy?utm_source=ENF&amp;utm_medium=monocrystalline&amp;utm_content=46565&amp;utm_campaign=profiles_panel
55139,/directory/panel/55139/apna-global-industries?utm_source=ENF&amp;utm_medium=monocrystalline&amp;utm_content=55139&amp;utm_campaign=profiles_panel
85367,/directory/panel/85367/apollo-solar-power?utm_source=ENF&amp;utm_medium=monocrystalline&amp;utm_content=85367&amp;utm_campaign=profiles_panel
119278,/directory/panel/119278/arfwed-energy-solutions?utm_source=ENF&amp;utm_medium=monocrystalline&amp;utm_content=119278&amp;utm_campaign=profiles_panel
30473,/directory/panel/30473/arka-green-power?utm_source=ENF&amp;utm_medium=monocrystalline&amp;utm_content=30473&amp;utm_campaign=profiles_panel
121627,/directory/panel/121627/armada-solar?utm_source=ENF&amp;utm_medium=monocrystalline&amp;utm_content=121627&amp;utm_campaign=profiles_panel
54865,/directory/panel/54865/arosi?utm_source=ENF&amp;utm_medium=monocrystalline&amp;utm_content=54865&amp;utm_campaign=profiles_panel
33301,/directory/panel/33301/artsolar?utm_source=ENF&amp;utm_medium=monocrystalline&amp;utm_content=33301&amp;utm_campaign=profiles_panel
2725,/directory/panel/2725/asia-rodmo-solar-tech?utm_source=ENF&amp;utm_medium=monocrystalline&amp;utm_content=2725&amp;utm_campaign=profiles_panel
85244,/directory/panel/85244/aslan?utm_source=ENF&amp;utm_medium=monocrystalline&amp;utm_content=85244&amp;utm_campaign=profiles_panel
11428,/directory/panel/11428/asm?utm_source=ENF&amp;utm_medium=monocrystalline&amp;utm_content=11428&amp;utm_campaign=profiles_panel
108133,/directory/panel/108133/astpl?utm_source=ENF&amp;utm_medium=monocrystalline&amp;utm_content=108133&amp;utm_campaign=profiles_panel
3044,/directory/panel/3044/astronergy?utm_source=ENF&amp;utm_medium=monocrystalline&amp;utm_content=3044&amp;utm_campaign=profiles_panel
14566,/directory/panel/14566/asw?utm_source=ENF&amp;utm_medium=monocrystalline&amp;utm_content=14566&amp;utm_campaign=profiles_panel
109001,/directory/panel/109001/atd-enerji?utm_source=ENF&amp;utm_medium=monocrystalline&amp;utm_content=109001&amp;utm_campaign=profiles_panel
118315,/directory/panel/118315/aten-photovoltaic?utm_source=ENF&amp;utm_medium=monocrystalline&amp;utm_content=118315&amp;utm_campaign=profiles_panel
728,/directory/panel/728/atersa?utm_source=ENF&amp;utm_medium=monocrystalline&amp;utm_content=728&amp;utm_campaign=profiles_panel
89880,/directory/panel/89880/atlantis-solar?utm_source=ENF&amp;utm_medium=monocrystalline&amp;utm_content=89880&amp;utm_campaign=profiles_panel
111818,/directory/panel/111818/atom-enerji?utm_source=ENF&amp;utm_medium=monocrystalline&amp;utm_content=111818&amp;utm_campaign=profiles_panel
48417,/directory/panel/48417/aton-enerji?utm_source=ENF&amp;utm_medium=monocrystalline&amp;utm_content=48417&amp;utm_campaign=profiles_panel
25347,/directory/panel/25347/atone-new-energy?utm_source=ENF&amp;utm_medium=monocrystalline&amp;utm_content=25347&amp;utm_campaign=profiles_panel
6540,/directory/panel/6540/atsun-solar?utm_source=ENF&amp;utm_medium=monocrystalline&amp;utm_content=6540&amp;utm_campaign=profiles_panel
6424,/directory/panel/6424/au-optronics?utm_source=ENF&amp;utm_medium=monocrystalline&amp;utm_content=6424&amp;utm_campaign=profiles_panel
23007,/directory/panel/23007/aurasol?utm_source=ENF&amp;utm_medium=monocrystalline&amp;utm_content=23007&amp;utm_campaign=profiles_panel
81937,/directory/panel/81937/aures-solaire?utm_source=ENF&amp;utm_medium=monocrystalline&amp;utm_content=81937&amp;utm_campaign=profiles_panel
20858,/directory/panel/20858/aurinco?utm_source=ENF&amp;utm_medium=monocrystalline&amp;utm_content=20858&amp;utm_campaign=profiles_panel
6204,/directory/panel/6204/aurora-pv?utm_source=ENF&amp;utm_medium=monocrystalline&amp;utm_content=6204&amp;utm_campaign=profiles_panel
111485,/directory/panel/111485/australia-bangladesh-solar-power?utm_source=ENF&amp;utm_medium=monocrystalline&amp;utm_content=111485&amp;utm_campaign=profiles_panel
41375,/directory/panel/41375/australian-premium-solar?utm_source=ENF&amp;utm_medium=monocrystalline&amp;utm_content=41375&amp;utm_campaign=profiles_panel
24065,/directory/panel/24065/autarco?utm_source=ENF&amp;utm_medium=monocrystalline&amp;utm_content=24065&amp;utm_campaign=profiles_panel
4662,/directory/panel/4662/auxin-solar?utm_source=ENF&amp;utm_medium=monocrystalline&amp;utm_content=4662&amp;utm_campaign=profiles_panel
6078,/directory/panel/6078/av-project?utm_source=ENF&amp;utm_medium=monocrystalline&amp;utm_content=6078&amp;utm_campaign=profiles_panel
59985,/directory/panel/59985/aventia-solar?utm_source=ENF&amp;utm_medium=monocrystalline&amp;utm_content=59985&amp;utm_campaign=profiles_panel
57839,/directory/panel/57839/avespeed-new-energy?utm_source=ENF&amp;utm_medium=monocrystalline&amp;utm_content=57839&amp;utm_campaign=profiles_panel
3358,/directory/panel/3358/axitec?utm_source=ENF&amp;utm_medium=monocrystalline&amp;utm_content=3358&amp;utm_campaign=profiles_panel
7257,/directory/panel/7257/axsun-solar?utm_source=ENF&amp;utm_medium=monocrystalline&amp;utm_content=7257&amp;utm_campaign=profiles_panel
4619,/directory/panel/4619/azimut?utm_source=ENF&amp;utm_medium=monocrystalline&amp;utm_content=4619&amp;utm_campaign=profiles_panel
